Time,"Ride Time","Ride Time (secs)","Stopped Time","Stopped Time (secs)",Latitude,Longitude,"Elevation (feet)","Distance (miles)","Speed (mph)",Pace,"Pace (secs)","Average Speed (mph)","Average Pace","Average Pace (secs)","Ascent (feet)","Descent (feet)",Calories
"2013-08-19 17:51:53",0:00:01,1.1,0:00:00,0.0,41.6624695,-91.5495004,358,0.00,3.97,0:15:07,907,0.00,0:00:00,0,0,0,0
"2013-08-19 17:51:54",0:00:03,2.6,0:00:00,0.0,41.6625315,-91.5493446,368,0.01,3.97,0:15:07,907,12.71,0:04:43,283,23,0,0
"2013-08-19 17:52:00",0:00:08,8.0,0:00:00,0.0,41.6625135,-91.5491867,407,0.02,3.97,0:15:07,907,7.82,0:07:40,460,44,0,0
"2013-08-19 17:52:11",0:00:19,19.0,0:00:00,0.0,41.6624983,-91.5493696,485,0.03,3.97,0:15:07,907,5.10,0:11:46,706,68,0,1
"2013-08-19 17:52:14",0:00:22,22.1,0:00:00,0.0,41.6625680,-91.5494831,507,0.03,6.14,0:09:47,587,5.61,0:10:42,642,88,0,1
"2013-08-19 17:52:20",0:00:28,28.0,0:00:00,0.0,41.6628999,-91.5497289,549,0.06,12.12,0:04:57,297,7.81,0:07:41,461,154,0,2
"2013-08-19 17:52:26",0:00:34,34.0,0:00:00,0.0,41.6632218,-91.5499021,591,0.08,13.57,0:04:25,265,8.96,0:06:42,402,215,0,2
"2013-08-19 17:52:32",0:00:40,40.0,0:00:00,0.0,41.6634199,-91.5502026,634,0.11,13.29,0:04:31,271,9.48,0:06:20,380,267,0,3
"2013-08-19 17:52:35",0:00:43,43.0,0:00:00,0.0,41.6634656,-91.5504075,655,0.12,13.03,0:04:36,276,9.75,0:06:09,369,295,0,3
"2013-08-19 17:52:36",0:00:44,44.0,0:00:00,0.0,41.6634925,-91.5504480,662,0.12,12.77,0:04:42,282,9.76,0:06:09,369,303,0,3
"2013-08-19 17:52:43",0:00:51,51.0,0:00:00,0.0,41.6635762,-91.5509181,678,0.14,12.70,0:04:44,284,10.18,0:05:54,354,312,0,6
"2013-08-19 17:52:46",0:00:54,54.0,0:00:00,0.0,41.6635803,-91.5510987,683,0.15,12.55,0:04:47,287,10.24,0:05:52,352,312,0,7
"2013-08-19 17:52:55",0:01:03,63.0,0:00:00,0.0,41.6636674,-91.5517683,690,0.19,13.97,0:04:18,258,10.79,0:05:34,334,312,0,11
"2013-08-19 17:52:59",0:01:07,67.0,0:00:00,0.0,41.6637035,-91.5521426,692,0.21,15.99,0:03:45,225,11.18,0:05:22,322,312,0,13
"2013-08-19 17:53:02",0:01:10,70.1,0:00:00,0.0,41.6637621,-91.5523890,692,0.22,16.66,0:03:36,216,11.39,0:05:16,316,312,0,13
"2013-08-19 17:53:04",0:01:12,72.0,0:00:00,0.0,41.6637536,-91.5525720,692,0.23,16.90,0:03:33,213,11.55,0:05:12,312,312,0,14
"2013-08-19 17:53:07",0:01:15,75.0,0:00:00,0.0,41.6638302,-91.5528230,692,0.25,17.14,0:03:30,210,11.76,0:05:06,306,312,0,15
"2013-08-19 17:53:11",0:01:19,79.1,0:00:00,0.0,41.6638974,-91.5531456,691,0.26,16.01,0:03:45,225,11.95,0:05:01,301,312,0,16
"2013-08-19 17:53:14",0:01:22,82.0,0:00:00,0.0,41.6639891,-91.5533777,690,0.28,16.33,0:03:40,220,12.12,0:04:57,297,312,0,17
"2013-08-19 17:53:15",0:01:23,83.0,0:00:00,0.0,41.6640790,-91.5534116,690,0.28,16.65,0:03:36,216,12.25,0:04:54,294,312,0,17
"2013-08-19 17:53:16",0:01:24,84.0,0:00:00,0.0,41.6641426,-91.5533944,690,0.29,16.89,0:03:33,213,12.30,0:04:53,293,312,0,17
"2013-08-19 17:53:18",0:01:26,86.0,0:00:00,0.0,41.6641793,-91.5534934,690,0.29,15.79,0:03:48,228,12.25,0:04:54,294,312,0,18
"2013-08-19 17:53:26",0:01:34,94.0,0:00:00,0.0,41.6643398,-91.5536973,689,0.31,8.44,0:07:07,427,11.79,0:05:05,305,312,0,19
"2013-08-19 17:53:39",0:01:47,107.0,0:00:00,0.0,41.6652501,-91.5554724,687,0.42,34.40,0:01:45,105,14.11,0:04:15,255,312,0,24
"2013-08-19 17:53:41",0:01:49,109.0,0:00:00,0.0,41.6652662,-91.5557397,686,0.43,33.41,0:01:48,108,14.30,0:04:12,252,312,0,24
"2013-08-19 17:53:44",0:01:52,112.1,0:00:00,0.0,41.6653182,-91.5558961,686,0.44,31.17,0:01:55,115,14.20,0:04:14,254,312,0,25
"2013-08-19 17:53:46",0:01:54,114.0,0:00:00,0.0,41.6653215,-91.5561453,685,0.45,30.28,0:01:59,119,14.36,0:04:11,251,312,0,25
"2013-08-19 17:53:51",0:01:59,119.0,0:00:00,0.0,41.6655778,-91.5567696,682,0.49,24.28,0:02:28,148,14.88,0:04:02,242,312,0,25
"2013-08-19 17:53:57",0:02:05,125.0,0:00:00,0.0,41.6657746,-91.5574173,678,0.53,24.01,0:02:30,150,15.20,0:03:57,237,312,0,25
"2013-08-19 17:54:04",0:02:12,132.0,0:00:00,0.0,41.6659421,-91.5580336,677,0.56,18.56,0:03:14,194,15.32,0:03:55,235,312,0,28
"2013-08-19 17:54:47",0:02:55,175.0,0:00:00,0.0,41.6661518,-91.5586257,643,0.60,13.49,0:04:27,267,12.25,0:04:54,294,312,0,31
"2013-08-19 17:54:56",0:03:04,184.0,0:00:00,0.0,41.6663693,-91.5592141,642,0.63,13.63,0:04:24,264,12.32,0:04:52,292,312,0,33
"2013-08-19 17:54:57",0:03:05,185.0,0:00:00,0.0,41.6664060,-91.5593107,642,0.64,14.18,0:04:14,254,12.36,0:04:51,291,312,0,33
"2013-08-19 17:54:58",0:03:06,186.0,0:00:00,0.0,41.6662393,-91.5595099,643,0.65,14.18,0:04:14,254,12.59,0:04:46,286,312,0,33
"2013-08-19 17:55:02",0:03:10,190.0,0:00:00,0.0,41.6664163,-91.5598294,643,0.67,19.36,0:03:06,186,12.72,0:04:43,283,312,0,35
"2013-08-19 17:55:07",0:03:15,195.0,0:00:00,0.0,41.6665774,-91.5601832,641,0.69,19.17,0:03:08,188,12.79,0:04:42,282,312,0,37
"2013-08-19 17:55:10",0:03:18,198.0,0:00:00,0.0,41.6666690,-91.5604580,640,0.71,16.83,0:03:34,214,12.88,0:04:40,280,312,0,37
"2013-08-19 17:55:11",0:03:19,199.0,0:00:00,0.0,41.6666903,-91.5604161,641,0.71,16.16,0:03:43,223,12.86,0:04:40,280,312,0,38
"2013-08-19 17:55:12",0:03:20,200.0,0:00:00,0.0,41.6667198,-91.5605514,641,0.72,17.00,0:03:32,212,12.93,0:04:39,279,312,0,38
"2013-08-19 17:55:17",0:03:25,205.0,0:00:00,0.0,41.6669644,-91.5610034,643,0.75,19.63,0:03:03,183,13.12,0:04:34,274,312,0,40
"2013-08-19 17:55:24",0:03:32,212.0,0:00:00,0.0,41.6671970,-91.5616411,646,0.78,19.05,0:03:09,189,13.31,0:04:31,271,312,0,43
"2013-08-19 17:55:30",0:03:38,218.0,0:00:00,0.0,41.6674470,-91.5622513,644,0.82,20.27,0:02:58,178,13.54,0:04:26,266,312,0,45
"2013-08-19 17:55:32",0:03:40,220.1,0:00:00,0.0,41.6674820,-91.5624439,642,0.83,20.65,0:02:54,174,13.58,0:04:25,265,312,0,46
"2013-08-19 17:55:34",0:03:42,222.1,0:00:00,0.0,41.6675732,-91.5626165,641,0.84,20.38,0:02:57,177,13.63,0:04:24,264,312,0,46
"2013-08-19 17:55:40",0:03:48,228.0,0:00:00,0.0,41.6677711,-91.5631121,640,0.87,18.74,0:03:12,192,13.74,0:04:22,262,312,0,47
"2013-08-19 17:55:43",0:03:51,231.1,0:00:00,0.0,41.6678609,-91.5634275,642,0.89,19.01,0:03:09,189,13.83,0:04:20,260,312,0,47
"2013-08-19 17:55:44",0:03:52,232.1,0:00:00,0.0,41.6678468,-91.5634430,644,0.89,17.24,0:03:29,209,13.78,0:04:21,261,312,0,47
"2013-08-19 17:55:46",0:03:54,234.1,0:00:00,0.0,41.6679210,-91.5633850,648,0.89,15.89,0:03:47,227,13.76,0:04:22,262,312,0,48
"2013-08-19 17:55:49",0:03:57,237.0,0:00:00,0.0,41.6679825,-91.5636923,651,0.91,16.97,0:03:32,212,13.84,0:04:20,260,312,0,49
"2013-08-19 17:55:53",0:04:01,241.0,0:00:00,0.0,41.6682344,-91.5640724,653,0.94,18.20,0:03:18,198,14.00,0:04:17,257,312,0,51
"2013-08-19 17:55:54",0:04:02,242.0,0:00:00,0.0,41.6682374,-91.5641514,653,0.94,17.83,0:03:22,202,14.00,0:04:17,257,312,0,51
"2013-08-19 17:55:55",0:04:03,243.0,0:00:00,0.0,41.6683719,-91.5641987,654,0.95,20.65,0:02:54,174,14.09,0:04:16,256,312,0,52
"2013-08-19 17:55:58",0:04:06,246.0,0:00:00,0.0,41.6684958,-91.5644442,656,0.97,22.26,0:02:42,162,14.14,0:04:15,255,312,0,53
"2013-08-19 17:55:59",0:04:07,247.0,0:00:00,0.0,41.6686088,-91.5645341,656,0.98,23.18,0:02:35,155,14.22,0:04:13,253,312,0,54
"2013-08-19 17:56:01",0:04:09,249.0,0:00:00,0.0,41.6687170,-91.5646984,655,0.99,21.67,0:02:46,166,14.26,0:04:12,252,312,0,55
"2013-08-19 17:56:02",0:04:10,250.0,0:00:00,0.0,41.6688027,-91.5647238,655,0.99,21.98,0:02:44,164,14.29,0:04:12,252,312,0,55
"2013-08-19 17:56:06",0:04:14,254.0,0:00:00,0.0,41.6691225,-91.5652312,652,1.03,26.09,0:02:18,138,14.56,0:04:07,247,312,0,56
"2013-08-19 17:56:08",0:04:16,256.0,0:00:00,0.0,41.6692382,-91.5654281,650,1.04,27.03,0:02:13,133,14.62,0:04:06,246,312,0,57
"2013-08-19 17:56:09",0:04:17,257.0,0:00:00,0.0,41.6692994,-91.5654179,649,1.04,25.29,0:02:22,142,14.63,0:04:06,246,312,0,57
"2013-08-19 17:56:10",0:04:18,258.0,0:00:00,0.0,41.6693462,-91.5654573,648,1.05,24.60,0:02:26,146,14.62,0:04:06,246,312,0,57
"2013-08-19 17:56:12",0:04:20,260.0,0:00:00,0.0,41.6693310,-91.5656215,646,1.06,23.38,0:02:34,154,14.63,0:04:06,246,312,0,58
"2013-08-19 17:56:13",0:04:21,261.0,0:00:00,0.0,41.6691599,-91.5656901,645,1.07,23.38,0:02:34,154,14.74,0:04:04,244,312,0,58
"2013-08-19 17:56:15",0:04:23,263.1,0:00:00,0.0,41.6690788,-91.5656232,643,1.08,18.19,0:03:18,198,14.72,0:04:05,245,312,0,58
"2013-08-19 17:56:18",0:04:26,266.0,0:00:00,0.0,41.6690686,-91.5657115,642,1.08,15.55,0:03:51,231,14.62,0:04:06,246,312,0,58
"2013-08-19 17:56:21",0:04:29,269.0,0:00:00,0.0,41.6691091,-91.5657148,641,1.08,11.82,0:05:05,305,14.49,0:04:08,248,312,0,58
"2013-08-19 17:56:26",0:04:34,274.0,0:00:00,0.0,41.6691284,-91.5655945,640,1.09,6.34,0:09:27,567,14.31,0:04:12,252,312,0,59
"2013-08-19 17:57:00",0:05:08,308.0,0:00:00,0.0,41.6692521,-91.5659553,630,1.11,7.69,0:07:48,468,12.97,0:04:38,278,312,39,61
"2013-08-19 17:57:01",0:05:09,309.0,0:00:00,0.0,41.6694466,-91.5658462,630,1.12,7.69,0:07:48,468,13.10,0:04:35,275,312,39,61
"2013-08-19 17:57:02",0:05:10,310.0,0:00:00,0.0,41.6694986,-91.5657248,630,1.13,13.99,0:04:17,257,13.14,0:04:34,274,312,39,61
"2013-08-19 17:57:03",0:05:11,311.0,0:00:00,0.0,41.6695561,-91.5657316,630,1.14,14.24,0:04:13,253,13.15,0:04:34,274,312,39,61
"2013-08-19 17:57:06",0:05:14,314.0,0:00:00,0.0,41.6697343,-91.5656779,630,1.15,16.13,0:03:43,223,13.17,0:04:33,273,312,39,62
"2013-08-19 17:57:07",0:05:15,315.0,0:00:00,0.0,41.6697800,-91.5656249,630,1.15,16.65,0:03:36,216,13.17,0:04:33,273,312,39,62
"2013-08-19 17:57:09",0:05:17,317.0,0:00:00,0.0,41.6698798,-91.5656655,630,1.16,17.89,0:03:21,201,13.17,0:04:33,273,312,39,63
"2013-08-19 17:57:11",0:05:19,319.0,0:00:00,0.0,41.6699679,-91.5656294,631,1.17,18.13,0:03:19,199,13.16,0:04:34,274,312,39,64
"2013-08-19 17:57:29",0:05:37,337.0,0:00:00,0.0,41.6704545,-91.5656462,630,1.20,8.16,0:07:21,441,12.82,0:04:41,281,312,39,66
"2013-08-19 17:57:36",0:05:44,344.1,0:00:00,0.0,41.6709226,-91.5656407,632,1.23,14.57,0:04:07,247,12.89,0:04:39,279,312,39,67
"2013-08-19 17:57:41",0:05:49,349.0,0:00:00,0.0,41.6713063,-91.5656252,635,1.26,18.15,0:03:18,198,12.98,0:04:37,277,312,39,69
"2013-08-19 17:57:44",0:05:52,352.0,0:00:00,0.0,41.6715116,-91.5656417,636,1.27,18.70,0:03:12,192,13.02,0:04:37,277,312,39,71
"2013-08-19 17:57:48",0:05:56,356.0,0:00:00,0.0,41.6717977,-91.5656252,638,1.29,17.85,0:03:22,202,13.07,0:04:35,275,312,39,72
"2013-08-19 17:57:50",0:05:58,358.0,0:00:00,0.0,41.6719497,-91.5656719,639,1.30,18.14,0:03:19,199,13.10,0:04:35,275,312,39,73
"2013-08-19 17:57:51",0:05:59,359.0,0:00:00,0.0,41.6719941,-91.5656024,639,1.31,17.87,0:03:21,201,13.11,0:04:35,275,312,39,73
"2013-08-19 17:57:57",0:06:05,365.0,0:00:00,0.0,41.6724083,-91.5656203,642,1.34,17.50,0:03:26,206,13.18,0:04:33,273,312,39,76
"2013-08-19 17:58:00",0:06:08,368.0,0:00:00,0.0,41.6726041,-91.5656642,643,1.35,17.24,0:03:29,209,13.21,0:04:33,273,312,39,77
"2013-08-19 17:58:03",0:06:11,371.0,0:00:00,0.0,41.6727841,-91.5656269,643,1.36,16.94,0:03:33,213,13.22,0:04:32,272,312,39,78
"2013-08-19 17:58:10",0:06:18,378.0,0:00:00,0.0,41.6732451,-91.5657385,644,1.40,16.57,0:03:37,217,13.29,0:04:31,271,312,39,81
"2013-08-19 17:58:12",0:06:20,380.0,0:00:00,0.0,41.6733804,-91.5657998,645,1.40,16.67,0:03:36,216,13.31,0:04:30,270,312,39,82
"2013-08-19 17:58:14",0:06:22,382.0,0:00:00,0.0,41.6734537,-91.5659427,645,1.41,16.62,0:03:37,217,13.32,0:04:30,270,312,39,83
"2013-08-19 17:58:16",0:06:24,384.0,0:00:00,0.0,41.6734641,-91.5661076,645,1.42,16.35,0:03:40,220,13.34,0:04:30,270,312,39,83
"2013-08-19 17:58:17",0:06:25,385.0,0:00:00,0.0,41.6735925,-91.5661679,646,1.43,17.83,0:03:22,202,13.39,0:04:29,269,312,39,84
"2013-08-19 17:58:18",0:06:26,386.0,0:00:00,0.0,41.6735980,-91.5662373,646,1.44,17.71,0:03:23,203,13.39,0:04:29,269,312,39,84
"2013-08-19 17:58:19",0:06:27,387.0,0:00:00,0.0,41.6734856,-91.5663365,646,1.44,19.35,0:03:06,186,13.44,0:04:28,268,312,39,85
"2013-08-19 17:58:25",0:06:33,393.0,0:00:00,0.0,41.6735584,-91.5667606,646,1.47,17.35,0:03:28,208,13.44,0:04:28,268,312,39,86
"2013-08-19 17:58:26",0:06:34,394.0,0:00:00,0.0,41.6736447,-91.5668196,646,1.47,18.57,0:03:14,194,13.47,0:04:27,267,312,39,87
"2013-08-19 17:58:34",0:06:42,402.0,0:00:00,0.0,41.6736853,-91.5672931,648,1.50,12.47,0:04:49,289,13.42,0:04:28,268,312,39,89
"2013-08-19 17:58:35",0:06:43,403.0,0:00:00,0.0,41.6737392,-91.5673622,649,1.50,13.04,0:04:36,276,13.43,0:04:28,268,312,39,89
"2013-08-19 17:58:36",0:06:44,404.0,0:00:00,0.0,41.6736860,-91.5673013,649,1.51,13.83,0:04:20,260,13.44,0:04:28,268,312,39,90
"2013-08-19 17:58:39",0:06:47,407.0,0:00:00,0.0,41.6737228,-91.5677191,650,1.53,18.00,0:03:20,200,13.54,0:04:26,266,312,39,91
"2013-08-19 17:58:40",0:06:48,408.0,0:00:00,0.0,41.6737837,-91.5678075,650,1.54,18.40,0:03:16,196,13.56,0:04:26,266,312,39,91
"2013-08-19 17:58:42",0:06:50,410.0,0:00:00,0.0,41.6737712,-91.5680010,650,1.55,21.35,0:02:49,169,13.58,0:04:25,265,312,39,92
"2013-08-19 17:58:49",0:06:57,417.0,0:00:00,0.0,41.6738105,-91.5686529,652,1.58,18.09,0:03:19,199,13.64,0:04:24,264,312,39,95
"2013-08-19 17:58:56",0:07:04,424.0,0:00:00,0.0,41.6738627,-91.5692860,654,1.61,17.22,0:03:29,209,13.70,0:04:23,263,312,39,98
"2013-08-19 17:58:57",0:07:05,425.0,0:00:00,0.0,41.6739008,-91.5693737,654,1.62,17.26,0:03:29,209,13.71,0:04:23,263,312,39,98
"2013-08-19 17:59:00",0:07:08,428.0,0:00:00,0.0,41.6739169,-91.5696689,655,1.63,17.65,0:03:24,204,13.74,0:04:22,262,312,39,100
"2013-08-19 17:59:01",0:07:09,429.0,0:00:00,0.0,41.6739506,-91.5697647,655,1.64,17.73,0:03:23,203,13.76,0:04:22,262,312,39,100
"2013-08-19 17:59:02",0:07:10,430.0,0:00:00,0.0,41.6739363,-91.5698403,655,1.64,17.46,0:03:26,206,13.76,0:04:22,262,312,39,101
"2013-08-19 17:59:03",0:07:11,431.0,0:00:00,0.0,41.6739788,-91.5699140,656,1.65,17.42,0:03:27,207,13.77,0:04:21,261,312,39,101
"2013-08-19 17:59:08",0:07:16,436.0,0:00:00,0.0,41.6740180,-91.5703274,658,1.67,16.84,0:03:34,214,13.79,0:04:21,261,321,39,103
"2013-08-19 17:59:12",0:07:20,440.0,0:00:00,0.0,41.6740822,-91.5706180,660,1.69,15.21,0:03:57,237,13.79,0:04:21,261,332,39,105
"2013-08-19 17:59:13",0:07:21,441.0,0:00:00,0.0,41.6741257,-91.5706720,661,1.69,14.96,0:04:01,241,13.79,0:04:21,261,335,39,105
"2013-08-19 17:59:16",0:07:24,444.0,0:00:00,0.0,41.6741122,-91.5709211,663,1.70,15.00,0:04:00,240,13.80,0:04:21,261,344,39,106
"2013-08-19 17:59:20",0:07:28,448.0,0:00:00,0.0,41.6740064,-91.5712618,663,1.72,15.60,0:03:51,231,13.83,0:04:20,260,344,39,107
"2013-08-19 17:59:21",0:07:29,449.0,0:00:00,0.0,41.6740586,-91.5712833,663,1.73,15.36,0:03:54,234,13.83,0:04:20,260,344,39,107
"2013-08-19 17:59:22",0:07:30,450.0,0:00:00,0.0,41.6740799,-91.5713380,662,1.73,15.53,0:03:52,232,13.83,0:04:20,260,344,39,108
"2013-08-19 17:59:24",0:07:32,452.0,0:00:00,0.0,41.6740728,-91.5715001,662,1.74,15.41,0:03:54,234,13.83,0:04:20,260,344,39,108
"2013-08-19 17:59:25",0:07:33,453.0,0:00:00,0.0,41.6741007,-91.5715691,662,1.74,15.33,0:03:55,235,13.84,0:04:20,260,344,39,108
"2013-08-19 17:59:27",0:07:35,455.0,0:00:00,0.0,41.6741919,-91.5716968,661,1.75,15.70,0:03:49,229,13.85,0:04:20,260,344,39,109
"2013-08-19 17:59:30",0:07:38,458.0,0:00:00,0.0,41.6741998,-91.5719263,660,1.76,15.11,0:03:58,238,13.85,0:04:20,260,344,39,110
"2013-08-19 17:59:31",0:07:39,459.0,0:00:00,0.0,41.6742351,-91.5719992,660,1.77,14.83,0:04:03,243,13.86,0:04:20,260,344,39,110
"2013-08-19 17:59:32",0:07:40,460.0,0:00:00,0.0,41.6742209,-91.5720713,659,1.77,14.87,0:04:02,242,13.86,0:04:20,260,344,39,110
"2013-08-19 17:59:35",0:07:43,463.0,0:00:00,0.0,41.6742615,-91.5722470,659,1.78,14.17,0:04:14,254,13.84,0:04:20,260,344,39,111
"2013-08-19 17:59:43",0:07:51,471.0,0:00:00,0.0,41.6742856,-91.5727761,656,1.81,12.27,0:04:53,293,13.81,0:04:21,261,344,39,111
"2013-08-19 17:59:48",0:07:56,476.0,0:00:00,0.0,41.6743486,-91.5730962,656,1.82,12.41,0:04:50,290,13.80,0:04:21,261,344,39,112
"2013-08-19 17:59:52",0:08:00,480.0,0:00:00,0.0,41.6743389,-91.5733664,657,1.84,12.40,0:04:50,290,13.79,0:04:21,261,344,39,113
"2013-08-19 17:59:54",0:08:02,482.0,0:00:00,0.0,41.6743228,-91.5734829,657,1.84,12.20,0:04:55,295,13.78,0:04:21,261,344,39,114
"2013-08-19 17:59:57",0:08:05,485.0,0:00:00,0.0,41.6743575,-91.5737161,658,1.86,13.10,0:04:35,275,13.78,0:04:21,261,344,39,114
"2013-08-19 17:59:59",0:08:07,487.0,0:00:00,0.0,41.6744067,-91.5738208,659,1.86,13.00,0:04:37,277,13.77,0:04:21,261,344,39,115
"2013-08-19 18:00:03",0:08:11,491.0,0:00:00,0.0,41.6743917,-91.5740819,659,1.88,12.99,0:04:37,277,13.76,0:04:22,262,344,39,115
"2013-08-19 18:00:06",0:08:14,494.0,0:00:00,0.0,41.6744298,-91.5742948,660,1.89,13.04,0:04:36,276,13.76,0:04:22,262,344,39,116
"2013-08-19 18:00:08",0:08:16,496.0,0:00:00,0.0,41.6744277,-91.5744087,661,1.89,12.32,0:04:52,292,13.75,0:04:22,262,344,39,117
"2013-08-19 18:00:10",0:08:18,498.0,0:00:00,0.0,41.6744702,-91.5745298,661,1.90,12.63,0:04:45,285,13.74,0:04:22,262,344,39,117
"2013-08-19 18:00:14",0:08:22,502.0,0:00:00,0.0,41.6745087,-91.5748081,662,1.92,12.90,0:04:39,279,13.74,0:04:22,262,344,39,118
"2013-08-19 18:00:15",0:08:23,503.0,0:00:00,0.0,41.6744897,-91.5748901,662,1.92,12.93,0:04:38,278,13.74,0:04:22,262,344,39,119
"2013-08-19 18:00:21",0:08:29,509.0,0:00:00,0.0,41.6745353,-91.5753718,665,1.95,14.59,0:04:07,247,13.76,0:04:22,262,344,39,121
"2013-08-19 18:00:29",0:08:37,517.0,0:00:00,0.0,41.6745397,-91.5760206,669,1.98,14.93,0:04:01,241,13.78,0:04:21,261,344,39,124
"2013-08-19 18:00:36",0:08:44,524.0,0:00:00,0.0,41.6745930,-91.5766210,667,2.01,16.36,0:03:40,220,13.81,0:04:21,261,344,39,126
"2013-08-19 18:00:39",0:08:47,527.0,0:00:00,0.0,41.6746087,-91.5769068,667,2.02,16.76,0:03:35,215,13.83,0:04:20,260,344,39,126
"2013-08-19 18:00:42",0:08:50,530.0,0:00:00,0.0,41.6745813,-91.5771401,668,2.04,16.18,0:03:42,222,13.84,0:04:20,260,344,39,127
"2013-08-19 18:00:46",0:08:54,534.1,0:00:00,0.0,41.6745737,-91.5773733,669,2.05,14.07,0:04:16,256,13.81,0:04:21,261,344,39,128
"2013-08-19 18:00:47",0:08:55,535.0,0:00:00,0.0,41.6746560,-91.5773947,669,2.06,14.80,0:04:03,243,13.83,0:04:20,260,344,39,128
"2013-08-19 18:00:57",0:09:05,545.0,0:00:00,0.0,41.6747476,-91.5780051,671,2.09,12.55,0:04:47,287,13.79,0:04:21,261,344,39,130
"2013-08-19 18:01:02",0:09:10,550.0,0:00:00,0.0,41.6748055,-91.5782206,672,2.10,10.72,0:05:36,336,13.74,0:04:22,262,344,39,131
"2013-08-19 18:01:10",0:09:18,558.0,0:00:00,0.0,41.6752791,-91.5782127,673,2.13,12.65,0:04:45,285,13.75,0:04:22,262,344,39,133
"2013-08-19 18:01:19",0:09:27,567.0,0:00:00,0.0,41.6757320,-91.5781814,675,2.16,12.11,0:04:57,297,13.73,0:04:22,262,344,39,134
"2013-08-19 18:01:28",0:09:36,576.0,0:00:00,0.0,41.6762442,-91.5781461,678,2.20,13.94,0:04:18,258,13.74,0:04:22,262,344,39,137
"2013-08-19 18:01:34",0:09:42,582.0,0:00:00,0.0,41.6766015,-91.5781215,679,2.22,14.46,0:04:09,249,13.75,0:04:22,262,344,39,139
"2013-08-19 18:01:35",0:09:43,583.2,0:00:00,0.0,41.6767140,-91.5782319,680,2.23,16.28,0:03:41,221,13.78,0:04:21,261,344,39,140
"2013-08-19 18:01:41",0:09:49,589.0,0:00:00,0.0,41.6771287,-91.5782255,682,2.26,17.30,0:03:28,208,13.82,0:04:20,260,344,39,142
"2013-08-19 18:01:44",0:09:52,592.0,0:00:00,0.0,41.6773135,-91.5782636,682,2.27,18.50,0:03:15,195,13.83,0:04:20,260,344,39,144
"2013-08-19 18:01:47",0:09:55,595.0,0:00:00,0.0,41.6774745,-91.5782026,680,2.29,15.54,0:03:52,232,13.83,0:04:20,260,344,39,145
"2013-08-19 18:01:54",0:10:02,602.0,0:00:00,0.0,41.6778134,-91.5782720,677,2.31,13.10,0:04:35,275,13.81,0:04:21,261,344,39,146
"2013-08-19 18:01:55",0:10:03,603.0,0:00:00,0.0,41.6778646,-91.5781995,677,2.31,12.31,0:04:52,292,13.82,0:04:21,261,344,39,146
"2013-08-19 18:02:09",0:10:17,617.0,0:00:00,0.0,41.6783231,-91.5782111,674,2.35,8.54,0:07:01,421,13.69,0:04:23,263,344,39,148
"2013-08-19 18:02:23",0:10:31,631.0,0:00:00,0.0,41.6787572,-91.5781527,682,2.38,8.09,0:07:25,445,13.56,0:04:26,266,344,39,150
"2013-08-19 18:02:24",0:10:32,632.0,0:00:00,0.0,41.6788425,-91.5781088,683,2.38,10.16,0:05:54,354,13.57,0:04:25,265,344,39,150
"2013-08-19 18:02:25",0:10:33,633.0,0:00:00,0.0,41.6789217,-91.5781135,684,2.39,11.03,0:05:26,326,13.58,0:04:25,265,344,39,151
"2013-08-19 18:02:30",0:10:38,638.0,0:00:00,0.0,41.6792151,-91.5780626,687,2.41,15.15,0:03:58,238,13.59,0:04:25,265,344,39,152
"2013-08-19 18:02:33",0:10:41,641.0,0:00:00,0.0,41.6793815,-91.5780938,689,2.42,15.91,0:03:46,226,13.59,0:04:25,265,344,39,154
"2013-08-19 18:02:35",0:10:43,643.0,0:00:00,0.0,41.6794767,-91.5780569,689,2.43,14.20,0:04:13,253,13.59,0:04:25,265,344,39,154
"2013-08-19 18:02:37",0:10:45,645.0,0:00:00,0.0,41.6795937,-91.5780837,690,2.44,14.11,0:04:15,255,13.59,0:04:25,265,344,39,155
"2013-08-19 18:02:41",0:10:49,649.0,0:00:00,0.0,41.6797822,-91.5780289,691,2.45,13.33,0:04:30,270,13.58,0:04:25,265,344,39,156
"2013-08-19 18:02:42",0:10:50,650.0,0:00:00,0.0,41.6798183,-91.5780773,691,2.45,13.24,0:04:32,272,13.58,0:04:25,265,344,39,156
"2013-08-19 18:02:53",0:11:01,661.0,0:00:00,0.0,41.6802971,-91.5780721,693,2.49,10.71,0:05:36,336,13.53,0:04:26,266,351,39,158
"2013-08-19 18:03:04",0:11:12,672.0,0:00:00,0.0,41.6807474,-91.5781130,695,2.52,10.22,0:05:52,352,13.48,0:04:27,267,372,39,160
"2013-08-19 18:03:08",0:11:16,676.0,0:00:00,0.0,41.6808773,-91.5781851,696,2.53,8.83,0:06:48,408,13.45,0:04:28,268,377,39,161
"2013-08-19 18:03:20",0:11:28,688.0,0:00:00,0.0,41.6809879,-91.5787892,700,2.56,9.80,0:06:07,367,13.39,0:04:29,269,377,39,163
"2013-08-19 18:03:37",0:11:45,705.0,0:00:00,0.0,41.6810394,-91.5794143,715,2.59,6.39,0:09:23,563,13.23,0:04:32,272,377,39,167
"2013-08-19 18:03:43",0:11:51,711.0,0:00:00,0.0,41.6811719,-91.5797487,719,2.61,9.75,0:06:09,369,13.22,0:04:32,272,377,39,168
"2013-08-19 18:03:44",0:11:52,712.0,0:00:00,0.0,41.6812954,-91.5797821,719,2.62,12.09,0:04:58,298,13.24,0:04:32,272,377,39,168
"2013-08-19 18:03:48",0:11:56,716.0,0:00:00,0.0,41.6814460,-91.5799540,718,2.63,14.19,0:04:14,254,13.24,0:04:32,272,377,39,170
"2013-08-19 18:03:58",0:12:06,726.0,0:00:00,0.0,41.6818618,-91.5803312,719,2.67,12.52,0:04:47,287,13.23,0:04:32,272,382,39,172
"2013-08-19 18:03:59",0:12:07,727.0,0:00:00,0.0,41.6818640,-91.5804044,719,2.67,12.42,0:04:50,290,13.23,0:04:32,272,382,39,172
"2013-08-19 18:04:01",0:12:09,729.0,0:00:00,0.0,41.6819186,-91.5804743,720,2.68,11.96,0:05:01,301,13.22,0:04:32,272,383,39,172
"2013-08-19 18:04:02",0:12:10,730.0,0:00:00,0.0,41.6819931,-91.5804871,721,2.68,12.02,0:04:59,299,13.22,0:04:32,272,384,39,173
"2013-08-19 18:04:03",0:12:11,731.0,0:00:00,0.0,41.6820065,-91.5805506,722,2.69,11.91,0:05:02,302,13.22,0:04:32,272,385,39,173
"2013-08-19 18:04:11",0:12:19,739.0,0:00:00,0.0,41.6823326,-91.5808372,726,2.71,12.86,0:04:40,280,13.21,0:04:33,273,391,39,175
"2013-08-19 18:04:12",0:12:20,740.0,0:00:00,0.0,41.6824118,-91.5807761,727,2.72,13.28,0:04:31,271,13.22,0:04:32,272,392,39,176
"2013-08-19 18:04:19",0:12:27,747.0,0:00:00,0.0,41.6828602,-91.5808739,731,2.75,15.06,0:03:59,239,13.25,0:04:32,272,398,39,179
"2013-08-19 18:04:25",0:12:33,753.0,0:00:00,0.0,41.6830645,-91.5809003,734,2.76,12.72,0:04:43,283,13.21,0:04:32,272,401,39,181
"2013-08-19 18:04:26",0:12:34,754.0,0:00:00,0.0,41.6832447,-91.5807108,735,2.78,12.72,0:04:43,283,13.27,0:04:31,271,404,39,181
"2013-08-19 18:04:27",0:12:35,755.0,0:00:00,0.0,41.6832996,-91.5809307,736,2.79,15.69,0:03:49,229,13.31,0:04:30,270,407,39,182
"2013-08-19 18:04:31",0:12:39,759.0,0:00:00,0.0,41.6837907,-91.5809948,738,2.83,21.84,0:02:45,165,13.40,0:04:29,269,414,39,184
"2013-08-19 18:04:35",0:12:43,763.0,0:00:00,0.0,41.6842752,-91.5810578,740,2.86,30.17,0:01:59,119,13.49,0:04:27,267,421,39,186
"2013-08-19 18:04:40",0:12:48,768.1,0:00:00,0.0,41.6847313,-91.5810979,740,2.89,27.30,0:02:12,132,13.55,0:04:26,266,423,39,188
"2013-08-19 18:04:47",0:12:55,775.0,0:00:00,0.0,41.6851899,-91.5811381,736,2.92,18.78,0:03:12,192,13.58,0:04:25,265,423,39,190
"2013-08-19 18:04:50",0:12:58,778.0,0:00:00,0.0,41.6854300,-91.5811592,735,2.94,17.40,0:03:27,207,13.60,0:04:25,265,423,39,190
"2013-08-19 18:04:51",0:12:59,779.0,0:00:00,0.0,41.6854661,-91.5809739,735,2.95,19.21,0:03:07,187,13.63,0:04:24,264,423,39,191
"2013-08-19 18:04:52",0:13:00,780.0,0:00:00,0.0,41.6855007,-91.5810189,735,2.95,18.87,0:03:11,191,13.63,0:04:24,264,423,39,191
"2013-08-19 18:04:56",0:13:04,784.0,0:00:00,0.0,41.6856543,-91.5810154,734,2.96,16.16,0:03:43,223,13.61,0:04:25,265,423,39,192
"2013-08-19 18:05:00",0:13:08,788.0,0:00:00,0.0,41.6858396,-91.5811298,734,2.98,10.20,0:05:53,353,13.60,0:04:25,265,423,39,193
"2013-08-19 18:05:04",0:13:12,792.2,0:00:00,0.0,41.6859436,-91.5812245,733,2.99,10.02,0:05:59,359,13.57,0:04:25,265,423,39,193
"2013-08-19 18:05:06",0:13:14,794.0,0:00:00,0.0,41.6860006,-91.5811854,732,2.99,10.05,0:05:58,358,13.56,0:04:26,266,423,39,193
"2013-08-19 18:05:13",0:13:21,801.0,0:00:00,0.0,41.6862759,-91.5813367,734,3.01,10.23,0:05:52,352,13.53,0:04:26,266,423,39,194
"2013-08-19 18:05:14",0:13:22,802.0,0:00:00,0.0,41.6864170,-91.5812138,734,3.02,13.10,0:04:35,275,13.57,0:04:25,265,423,39,194
"2013-08-19 18:05:20",0:13:28,808.0,0:00:00,0.0,41.6866529,-91.5813210,738,3.04,13.64,0:04:24,264,13.54,0:04:26,266,423,39,196
"2013-08-19 18:05:28",0:13:36,816.0,0:00:00,0.0,41.6870555,-91.5816670,739,3.07,14.04,0:04:16,256,13.56,0:04:26,266,423,39,198
"2013-08-19 18:05:29",0:13:37,817.0,0:00:00,0.0,41.6870980,-91.5816564,740,3.08,14.43,0:04:10,250,13.55,0:04:26,266,423,39,198
"2013-08-19 18:05:30",0:13:38,818.0,0:00:00,0.0,41.6871636,-91.5816910,740,3.08,14.79,0:04:03,243,13.56,0:04:26,266,423,39,198
"2013-08-19 18:05:33",0:13:41,821.0,0:00:00,0.0,41.6872823,-91.5816730,741,3.09,13.33,0:04:30,270,13.54,0:04:26,266,423,39,199
"2013-08-19 18:05:39",0:13:47,827.0,0:00:00,0.0,41.6875233,-91.5817546,742,3.11,10.97,0:05:28,328,13.52,0:04:26,266,423,39,200
"2013-08-19 18:05:42",0:13:50,830.0,0:00:00,0.0,41.6875803,-91.5816008,745,3.11,10.49,0:05:43,343,13.51,0:04:26,266,423,39,201
"2013-08-19 18:05:43",0:13:51,831.2,0:00:00,0.0,41.6876200,-91.5816128,746,3.12,10.35,0:05:48,348,13.50,0:04:27,267,423,39,201
"2013-08-19 18:05:47",0:13:55,835.0,0:00:00,0.0,41.6875981,-91.5819106,750,3.13,12.53,0:04:47,287,13.51,0:04:27,267,423,39,202
"2013-08-19 18:05:49",0:13:57,837.0,0:00:00,0.0,41.6876807,-91.5818412,751,3.14,12.45,0:04:49,289,13.50,0:04:27,267,423,39,203
"2013-08-19 18:05:53",0:14:01,841.0,0:00:00,0.0,41.6880560,-91.5818142,749,3.17,17.19,0:03:29,209,13.55,0:04:26,266,423,39,204
"2013-08-19 18:05:54",0:14:02,842.0,0:00:00,0.0,41.6880296,-91.5817811,749,3.17,17.35,0:03:28,208,13.55,0:04:26,266,423,39,205
"2013-08-19 18:05:55",0:14:03,843.0,0:00:00,0.0,41.6880405,-91.5818116,748,3.17,17.76,0:03:23,203,13.54,0:04:26,266,423,39,205
"2013-08-19 18:06:09",0:14:17,857.0,0:00:00,0.0,41.6884970,-91.5818726,744,3.20,7.22,0:08:19,499,13.45,0:04:28,268,423,39,206
"2013-08-19 18:06:21",0:14:29,869.0,0:00:00,0.0,41.6889748,-91.5818529,748,3.23,10.19,0:05:53,353,13.40,0:04:29,269,423,39,208
"2013-08-19 18:06:26",0:14:34,874.0,0:00:00,0.0,41.6892666,-91.5818846,753,3.25,13.61,0:04:24,264,13.41,0:04:29,269,423,39,210
"2013-08-19 18:06:27",0:14:35,875.1,0:00:00,0.0,41.6893287,-91.5818437,754,3.26,14.80,0:04:03,243,13.41,0:04:28,268,423,39,210
"2013-08-19 18:06:32",0:14:40,880.2,0:00:00,0.0,41.6896320,-91.5818442,755,3.28,14.82,0:04:03,243,13.42,0:04:28,268,423,39,212
"2013-08-19 18:06:33",0:14:41,881.0,0:00:00,0.0,41.6897085,-91.5818857,755,3.29,15.58,0:03:51,231,13.43,0:04:28,268,423,39,212
"2013-08-19 18:06:35",0:14:43,883.0,0:00:00,0.0,41.6898018,-91.5818586,755,3.29,15.14,0:03:58,238,13.42,0:04:28,268,423,39,213
"2013-08-19 18:06:45",0:14:53,893.1,0:00:00,0.0,41.6905859,-91.5819665,759,3.35,19.51,0:03:05,185,13.49,0:04:27,267,423,39,217
"2013-08-19 18:06:46",0:14:54,894.0,0:00:00,0.0,41.6906834,-91.5820520,760,3.36,19.93,0:03:01,181,13.51,0:04:26,266,423,39,218
"2013-08-19 18:06:47",0:14:55,895.1,0:00:00,0.0,41.6907094,-91.5821417,760,3.36,20.07,0:02:59,179,13.51,0:04:26,266,423,39,218
"2013-08-19 18:06:53",0:15:01,901.1,0:00:00,0.0,41.6910877,-91.5823462,763,3.39,18.80,0:03:11,191,13.54,0:04:26,266,423,39,221
"2013-08-19 18:06:54",0:15:02,902.0,0:00:00,0.0,41.6910817,-91.5821532,763,3.40,19.96,0:03:00,180,13.56,0:04:25,265,423,39,221
"2013-08-19 18:06:56",0:15:04,904.0,0:00:00,0.0,41.6912861,-91.5824160,764,3.42,23.24,0:02:35,155,13.61,0:04:24,264,423,39,222
"2013-08-19 18:06:57",0:15:05,905.0,0:00:00,0.0,41.6914679,-91.5824995,764,3.43,22.34,0:02:41,161,13.65,0:04:24,264,423,39,222
"2013-08-19 18:07:00",0:15:08,908.0,0:00:00,0.0,41.6914945,-91.5824745,764,3.43,21.76,0:02:45,165,13.61,0:04:24,264,423,39,224
"2013-08-19 18:07:03",0:15:11,911.0,0:00:00,0.0,41.6916658,-91.5825860,763,3.45,21.02,0:02:51,171,13.62,0:04:24,264,423,39,225
"2013-08-19 18:07:11",0:15:19,919.0,0:00:00,0.0,41.6921696,-91.5826360,762,3.48,15.89,0:03:47,227,13.64,0:04:24,264,423,39,227
"2013-08-19 18:07:14",0:15:22,922.1,0:00:00,0.0,41.6923522,-91.5826093,763,3.49,15.64,0:03:50,230,13.64,0:04:24,264,423,39,228
"2013-08-19 18:07:16",0:15:24,924.0,0:00:00,0.0,41.6924897,-91.5826052,763,3.50,15.84,0:03:47,227,13.65,0:04:24,264,423,39,228
"2013-08-19 18:07:17",0:15:25,925.0,0:00:00,0.0,41.6925567,-91.5825295,763,3.51,17.07,0:03:31,211,13.66,0:04:24,264,423,39,228
"2013-08-19 18:07:29",0:15:37,937.0,0:00:00,0.0,41.6930556,-91.5825251,766,3.54,10.90,0:05:30,330,13.62,0:04:24,264,423,39,230
"2013-08-19 18:07:39",0:15:47,947.0,0:00:00,0.0,41.6935504,-91.5825358,768,3.58,12.29,0:04:53,293,13.60,0:04:25,265,423,39,232
"2013-08-19 18:07:41",0:15:49,949.0,0:00:00,0.0,41.6936419,-91.5825798,769,3.59,12.90,0:04:39,279,13.60,0:04:25,265,423,39,233
"2013-08-19 18:07:43",0:15:51,951.0,0:00:00,0.0,41.6937549,-91.5825380,769,3.59,13.71,0:04:23,263,13.60,0:04:25,265,423,39,233
"2013-08-19 18:07:48",0:15:56,956.0,0:00:00,0.0,41.6940400,-91.5827219,770,3.62,14.83,0:04:03,243,13.61,0:04:24,264,423,39,234
"2013-08-19 18:07:49",0:15:57,957.0,0:00:00,0.0,41.6941081,-91.5826522,770,3.62,15.24,0:03:56,236,13.62,0:04:24,264,423,39,235
"2013-08-19 18:07:59",0:16:07,967.0,0:00:00,0.0,41.6946187,-91.5827690,776,3.66,15.64,0:03:50,230,13.61,0:04:24,264,456,39,238
"2013-08-19 18:08:06",0:16:14,974.1,0:00:00,0.0,41.6948983,-91.5828330,779,3.68,10.98,0:05:28,328,13.59,0:04:25,265,456,39,240
"2013-08-19 18:08:11",0:16:19,979.0,0:00:00,0.0,41.6949304,-91.5830598,781,3.69,10.92,0:05:30,330,13.56,0:04:25,265,456,39,241
"2013-08-19 18:08:12",0:16:20,980.0,0:00:00,0.0,41.6949730,-91.5830400,782,3.69,10.88,0:05:31,331,13.56,0:04:25,265,456,39,241
"2013-08-19 18:08:14",0:16:22,982.2,0:00:00,0.0,41.6949741,-91.5831797,785,3.70,10.22,0:05:52,352,13.56,0:04:26,266,456,39,242
"2013-08-19 18:08:23",0:16:31,991.0,0:00:00,0.0,41.6951856,-91.5835048,789,3.72,10.56,0:05:41,341,13.52,0:04:26,266,456,39,245
"2013-08-19 18:08:26",0:16:34,994.0,0:00:00,0.0,41.6953071,-91.5837581,789,3.74,13.12,0:04:34,274,13.53,0:04:26,266,456,39,246
"2013-08-19 18:08:28",0:16:36,996.0,0:00:00,0.0,41.6952456,-91.5841573,788,3.76,18.75,0:03:12,192,13.58,0:04:25,265,456,39,246
"2013-08-19 18:08:30",0:16:38,998.0,0:00:00,0.0,41.6953076,-91.5843292,787,3.77,21.25,0:02:49,169,13.59,0:04:25,265,456,39,247
"2013-08-19 18:08:31",0:16:39,999.0,0:00:00,0.0,41.6953239,-91.5844961,786,3.78,23.57,0:02:33,153,13.61,0:04:25,265,456,39,247
"2013-08-19 18:08:33",0:16:41,1001.0,0:00:00,0.0,41.6952724,-91.5848668,784,3.80,26.99,0:02:13,133,13.65,0:04:24,264,456,39,247
"2013-08-19 18:08:34",0:16:42,1002.0,0:00:00,0.0,41.6951746,-91.5850323,783,3.81,28.10,0:02:08,128,13.68,0:04:23,263,456,39,247
"2013-08-19 18:08:36",0:16:44,1004.0,0:00:00,0.0,41.6952534,-91.5854238,781,3.83,30.43,0:01:58,118,13.72,0:04:22,262,456,39,248
"2013-08-19 18:08:38",0:16:46,1006.0,0:00:00,0.0,41.6952170,-91.5855442,779,3.83,28.53,0:02:06,126,13.72,0:04:22,262,456,39,248
"2013-08-19 18:08:40",0:16:48,1008.0,0:00:00,0.0,41.6949580,-91.5858939,776,3.86,29.91,0:02:00,120,13.78,0:04:21,261,456,39,248
"2013-08-19 18:08:47",0:16:55,1015.0,0:00:00,0.0,41.6951845,-91.5862652,772,3.88,19.84,0:03:01,181,13.78,0:04:21,261,456,39,248
"2013-08-19 18:09:02",0:17:11,1030.6,0:00:00,0.0,41.6960736,-91.5879834,764,3.99,25.89,0:02:19,139,13.95,0:04:18,258,456,39,254
"2013-08-19 18:09:05",0:17:13,1033.0,0:00:00,0.0,41.6962119,-91.5883932,763,4.02,26.26,0:02:17,137,13.99,0:04:17,257,456,39,255
"2013-08-19 18:09:06",0:17:14,1034.0,0:00:00,0.0,41.6961338,-91.5886728,762,4.03,26.62,0:02:15,135,14.03,0:04:17,257,456,39,255
"2013-08-19 18:09:13",0:17:21,1041.0,0:00:00,0.0,41.6962651,-91.5892700,758,4.06,24.92,0:02:24,144,14.05,0:04:16,256,456,39,256
"2013-08-19 18:09:21",0:17:29,1049.1,0:00:00,0.0,41.6963139,-91.5898963,753,4.10,15.71,0:03:49,229,14.05,0:04:16,256,456,39,256
"2013-08-19 18:09:30",0:17:38,1058.0,0:00:00,0.0,41.6963176,-91.5905247,742,4.13,13.48,0:04:27,267,14.05,0:04:16,256,456,72,257
"2013-08-19 18:09:42",0:17:50,1070.0,0:00:00,0.0,41.6963115,-91.5913327,736,4.17,12.26,0:04:54,294,14.03,0:04:17,257,456,72,258
"2013-08-19 18:09:57",0:18:05,1085.0,0:00:00,0.0,41.6962874,-91.5919429,737,4.20,5.98,0:10:02,602,13.94,0:04:18,258,456,72,259
"2013-08-19 18:10:02",0:18:10,1090.1,0:00:00,0.0,41.6962479,-91.5922180,739,4.22,7.50,0:08:00,480,13.92,0:04:19,259,456,72,259
"2013-08-19 18:10:09",0:18:17,1097.0,0:00:00,0.0,41.6960550,-91.5926175,742,4.24,12.15,0:04:56,296,13.92,0:04:19,259,456,72,261
"2013-08-19 18:10:12",0:18:20,1100.1,0:00:00,0.0,41.6959049,-91.5927993,743,4.25,13.84,0:04:20,260,13.92,0:04:19,259,456,72,262
"2013-08-19 18:10:13",0:18:21,1101.1,0:00:00,0.0,41.6959143,-91.5928384,743,4.26,14.52,0:04:08,248,13.92,0:04:19,259,456,72,263
"2013-08-19 18:10:29",0:18:37,1117.0,0:00:00,0.0,41.6957126,-91.5931579,748,4.28,5.24,0:11:27,687,13.79,0:04:21,261,456,72,264
"2013-08-19 18:10:44",0:18:52,1132.0,0:00:00,0.0,41.6957982,-91.5934748,752,4.30,4.33,0:13:51,831,13.66,0:04:24,264,456,72,265
"2013-08-19 18:11:04",0:19:12,1152.0,0:00:00,0.0,41.6959292,-91.5934908,757,4.30,2.31,0:25:59,1559,13.45,0:04:28,268,456,72,267
"2013-08-19 18:11:12",0:19:20,1160.0,0:00:00,0.0,41.6959021,-91.5934305,751,4.31,2.53,0:23:42,1422,13.37,0:04:29,269,456,72,267
"2013-08-19 18:11:32",0:19:40,1180.0,0:00:00,0.0,41.6963385,-91.5936286,753,4.34,6.10,0:09:51,591,13.24,0:04:32,272,456,72,269
"2013-08-19 18:11:44",0:19:52,1192.0,0:00:00,0.0,41.6967560,-91.5939384,751,4.37,10.17,0:05:54,354,13.21,0:04:33,273,456,72,271
"2013-08-19 18:11:57",0:20:05,1205.0,0:00:00,0.0,41.6971753,-91.5941837,753,4.40,8.84,0:06:47,407,13.16,0:04:34,274,456,72,272
"2013-08-19 18:12:08",0:20:16,1216.0,0:00:00,0.0,41.6976172,-91.5943454,755,4.44,10.58,0:05:40,340,13.13,0:04:34,274,456,72,274
"2013-08-19 18:12:19",0:20:27,1227.0,0:00:00,0.0,41.6981458,-91.5943356,750,4.47,11.95,0:05:01,301,13.12,0:04:34,274,456,72,276
"2013-08-19 18:12:20",0:20:28,1228.0,0:00:00,0.0,41.6983403,-91.5942811,750,4.49,14.56,0:04:07,247,13.15,0:04:34,274,456,72,276
"2013-08-19 18:12:22",0:20:30,1230.0,0:00:00,0.0,41.6984483,-91.5943514,749,4.50,16.33,0:03:41,221,13.16,0:04:34,274,456,72,276
"2013-08-19 18:12:23",0:20:31,1231.0,0:00:00,0.0,41.6985269,-91.5943318,748,4.50,17.15,0:03:30,210,13.16,0:04:34,274,456,72,276
"2013-08-19 18:12:25",0:20:33,1233.0,0:00:00,0.0,41.6987483,-91.5945782,749,4.52,21.64,0:02:46,166,13.20,0:04:33,273,456,72,276
"2013-08-19 18:12:26",0:20:34,1234.0,0:00:00,0.0,41.6988204,-91.5945438,749,4.53,22.34,0:02:41,161,13.20,0:04:33,273,456,72,276
"2013-08-19 18:12:27",0:20:35,1235.0,0:00:00,0.0,41.6988723,-91.5944825,750,4.53,22.87,0:02:37,157,13.21,0:04:33,273,456,72,277
"2013-08-19 18:12:33",0:20:41,1241.0,0:00:00,0.0,41.6993556,-91.5946586,752,4.57,23.24,0:02:35,155,13.24,0:04:32,272,456,72,279
"2013-08-19 18:12:37",0:20:45,1245.0,0:00:00,0.0,41.6996403,-91.5947760,753,4.59,19.68,0:03:03,183,13.26,0:04:31,271,456,72,280
"2013-08-19 18:12:42",0:20:50,1250.1,0:00:00,0.0,41.6999723,-91.5948326,754,4.61,18.17,0:03:18,198,13.27,0:04:31,271,456,72,282
"2013-08-19 18:12:51",0:20:59,1259.0,0:00:00,0.0,41.7004259,-91.5950975,755,4.64,14.31,0:04:12,252,13.28,0:04:31,271,456,72,285
"2013-08-19 18:12:54",0:21:02,1262.0,0:00:00,0.0,41.7005724,-91.5951752,756,4.65,12.96,0:04:38,278,13.28,0:04:31,271,456,72,286
"2013-08-19 18:13:00",0:21:08,1268.0,0:00:00,0.0,41.7007592,-91.5954074,757,4.67,11.48,0:05:14,314,13.26,0:04:31,271,456,72,287
"2013-08-19 18:13:03",0:21:11,1271.0,0:00:00,0.0,41.7008419,-91.5955680,758,4.68,11.50,0:05:13,313,13.26,0:04:31,271,456,72,288
"2013-08-19 18:13:04",0:21:12,1272.0,0:00:00,0.0,41.7008246,-91.5955764,758,4.68,10.53,0:05:42,342,13.25,0:04:32,272,456,72,288
"2013-08-19 18:13:11",0:21:19,1279.0,0:00:00,0.0,41.7009727,-91.5959513,760,4.70,10.61,0:05:39,339,13.24,0:04:32,272,456,72,290
"2013-08-19 18:13:13",0:21:21,1281.0,0:00:00,0.0,41.7010057,-91.5959460,761,4.71,9.13,0:06:35,395,13.23,0:04:32,272,456,72,290
"2013-08-19 18:13:15",0:21:23,1283.0,0:00:00,0.0,41.7010233,-91.5960061,763,4.71,9.21,0:06:31,391,13.22,0:04:32,272,456,72,291
"2013-08-19 18:13:16",0:21:24,1284.0,0:00:00,0.0,41.7009938,-91.5960066,764,4.71,9.24,0:06:30,390,13.21,0:04:32,272,456,72,291
"2013-08-19 18:13:17",0:21:25,1285.0,0:00:00,0.0,41.7010121,-91.5960419,764,4.71,8.81,0:06:49,409,13.21,0:04:33,273,456,72,291
"2013-08-19 18:13:18",0:21:26,1286.0,0:00:00,0.0,41.7009885,-91.5960853,765,4.72,8.71,0:06:53,413,13.21,0:04:33,273,456,72,291
"2013-08-19 18:13:29",0:21:37,1297.0,0:00:00,0.0,41.7011117,-91.5963414,770,4.73,5.01,0:11:58,718,13.14,0:04:34,274,456,72,292
"2013-08-19 18:13:40",0:21:48,1308.0,0:00:00,0.0,41.7014745,-91.5965195,773,4.76,8.97,0:06:41,401,13.10,0:04:35,275,489,72,294
"2013-08-19 18:13:42",0:21:50,1310.0,0:00:00,0.0,41.7015468,-91.5966105,772,4.77,9.98,0:06:01,361,13.10,0:04:35,275,489,72,294
"2013-08-19 18:13:46",0:21:54,1314.0,0:00:00,0.0,41.7018177,-91.5971796,771,4.80,19.48,0:03:05,185,13.15,0:04:34,274,489,72,295
"2013-08-19 18:13:47",0:21:55,1315.0,0:00:00,0.0,41.7018660,-91.5972738,771,4.81,19.64,0:03:03,183,13.16,0:04:34,274,489,72,296
"2013-08-19 18:13:49",0:21:57,1317.0,0:00:00,0.0,41.7020749,-91.5974444,771,4.82,24.48,0:02:27,147,13.19,0:04:33,273,489,72,297
"2013-08-19 18:13:51",0:21:59,1319.0,0:00:00,0.0,41.7023662,-91.5975436,770,4.85,29.54,0:02:02,122,13.22,0:04:32,272,489,72,297
"2013-08-19 18:13:53",0:22:01,1321.0,0:00:00,0.0,41.7025187,-91.5975378,770,4.86,29.18,0:02:03,123,13.23,0:04:32,272,489,72,298
"2013-08-19 18:13:54",0:22:02,1322.0,0:00:00,0.0,41.7025055,-91.5974084,770,4.86,27.59,0:02:10,130,13.24,0:04:32,272,489,72,298
"2013-08-19 18:13:55",0:22:03,1323.0,0:00:00,0.0,41.7025801,-91.5973448,770,4.87,26.38,0:02:16,136,13.25,0:04:32,272,489,72,299
"2013-08-19 18:13:56",0:22:04,1324.0,0:00:00,0.0,41.7025960,-91.5972638,770,4.87,25.70,0:02:20,140,13.25,0:04:32,272,489,72,299
"2013-08-19 18:13:59",0:22:07,1327.0,0:00:00,0.0,41.7026884,-91.5970918,770,4.88,22.44,0:02:40,160,13.25,0:04:32,272,489,72,300
"2013-08-19 18:14:02",0:22:10,1330.0,0:00:00,0.0,41.7027446,-91.5968659,770,4.90,16.25,0:03:42,222,13.25,0:04:32,272,489,72,300
"2013-08-19 18:14:10",0:22:18,1338.0,0:00:00,0.0,41.7030193,-91.5965290,769,4.92,12.37,0:04:51,291,13.24,0:04:32,272,489,72,301
"2013-08-19 18:14:12",0:22:20,1340.1,0:00:00,0.0,41.7031374,-91.5965419,769,4.93,12.38,0:04:51,291,13.24,0:04:32,272,489,72,301
"2013-08-19 18:14:13",0:22:21,1341.0,0:00:00,0.0,41.7031891,-91.5965131,769,4.93,11.90,0:05:03,303,13.25,0:04:32,272,489,72,301
"2013-08-19 18:14:14",0:22:22,1342.0,0:00:00,0.0,41.7031788,-91.5964687,769,4.94,11.60,0:05:10,310,13.24,0:04:32,272,489,72,301
"2013-08-19 18:14:15",0:22:23,1343.1,0:00:00,0.0,41.7031804,-91.5965082,769,4.94,10.47,0:05:44,344,13.24,0:04:32,272,489,72,301
"2013-08-19 18:14:16",0:22:24,1344.0,0:00:00,0.0,41.7032412,-91.5965423,769,4.94,11.09,0:05:25,325,13.24,0:04:32,272,489,72,301
"2013-08-19 18:14:19",0:22:27,1347.0,0:00:00,0.0,41.7033190,-91.5965141,769,4.95,10.74,0:05:35,335,13.22,0:04:32,272,489,72,302
"2013-08-19 18:14:21",0:22:29,1349.0,0:00:00,0.0,41.7033249,-91.5964121,769,4.95,10.69,0:05:37,337,13.22,0:04:32,272,489,72,302
"2013-08-19 18:14:23",0:22:31,1351.0,0:00:00,0.0,41.7033803,-91.5962804,768,4.96,10.23,0:05:52,352,13.22,0:04:32,272,489,72,302
"2013-08-19 18:14:24",0:22:32,1352.0,0:00:00,0.0,41.7033323,-91.5961504,768,4.97,11.75,0:05:06,306,13.23,0:04:32,272,489,72,302
"2013-08-19 18:14:28",0:22:36,1356.0,0:00:00,0.0,41.7034348,-91.5962087,768,4.98,10.86,0:05:31,331,13.21,0:04:32,272,489,72,302
"2013-08-19 18:14:41",0:22:49,1369.0,0:00:00,0.0,41.7037666,-91.5966368,779,5.01,7.30,0:08:13,493,13.17,0:04:33,273,489,72,304
"2013-08-19 18:14:49",0:22:57,1377.0,0:00:00,0.0,41.7039235,-91.5967725,778,5.02,5.87,0:10:14,614,13.13,0:04:34,274,489,72,305
"2013-08-19 18:15:02",0:23:10,1390.0,0:00:00,0.0,41.7043913,-91.5966910,788,5.05,9.21,0:06:31,391,13.09,0:04:35,275,489,72,307
"2013-08-19 18:15:09",0:23:17,1397.0,0:00:00,0.0,41.7045729,-91.5969650,793,5.07,9.24,0:06:30,390,13.07,0:04:35,275,489,72,309
"2013-08-19 18:15:10",0:23:18,1398.0,0:00:00,0.0,41.7045896,-91.5970271,794,5.08,9.64,0:06:14,374,13.07,0:04:35,275,489,72,310
"2013-08-19 18:15:12",0:23:20,1400.0,0:00:00,0.0,41.7045566,-91.5972382,791,5.09,11.78,0:05:06,306,13.08,0:04:35,275,489,72,311
"2013-08-19 18:15:13",0:23:21,1401.0,0:00:00,0.0,41.7045959,-91.5972900,789,5.09,12.39,0:04:50,290,13.08,0:04:35,275,489,72,311
"2013-08-19 18:15:15",0:23:23,1403.0,0:00:00,0.0,41.7045574,-91.5974006,786,5.10,13.05,0:04:36,276,13.08,0:04:35,275,489,72,311
"2013-08-19 18:15:18",0:23:26,1406.0,0:00:00,0.0,41.7046154,-91.5975835,785,5.11,13.55,0:04:26,266,13.08,0:04:35,275,489,72,312
"2013-08-19 18:15:20",0:23:28,1408.0,0:00:00,0.0,41.7046161,-91.5976985,787,5.11,13.49,0:04:27,267,13.08,0:04:35,275,489,72,312
"2013-08-19 18:15:23",0:23:31,1411.0,0:00:00,0.0,41.7046973,-91.5978802,788,5.12,12.11,0:04:57,297,13.08,0:04:35,275,489,72,313
"2013-08-19 18:15:31",0:23:39,1419.0,0:00:00,0.0,41.7047425,-91.5983482,793,5.15,11.38,0:05:16,316,13.06,0:04:36,276,489,72,314
"2013-08-19 18:15:40",0:23:48,1428.0,0:00:00,0.0,41.7049535,-91.5988665,796,5.18,12.17,0:04:56,296,13.06,0:04:36,276,489,72,317
"2013-08-19 18:15:46",0:23:54,1434.0,0:00:00,0.0,41.7050418,-91.5992206,797,5.20,12.38,0:04:51,291,13.05,0:04:36,276,489,72,318
"2013-08-19 18:15:51",0:23:59,1439.1,0:00:00,0.0,41.7051640,-91.5994930,797,5.22,11.82,0:05:05,305,13.05,0:04:36,276,489,72,320
"2013-08-19 18:16:01",0:24:09,1449.0,0:00:00,0.0,41.7054037,-91.6000045,794,5.25,11.46,0:05:14,314,13.03,0:04:36,276,489,72,321
"2013-08-19 18:16:10",0:24:18,1458.0,0:00:00,0.0,41.7057723,-91.6004601,798,5.28,13.82,0:04:21,261,13.04,0:04:36,276,489,72,324
"2013-08-19 18:16:12",0:24:20,1460.0,0:00:00,0.0,41.7058445,-91.6005728,799,5.29,13.95,0:04:18,258,13.04,0:04:36,276,489,72,325
"2013-08-19 18:16:13",0:24:21,1461.0,0:00:00,0.0,41.7057689,-91.6007893,799,5.30,17.46,0:03:26,206,13.06,0:04:36,276,489,72,326
"2013-08-19 18:16:21",0:24:29,1469.0,0:00:00,0.0,41.7061366,-91.6012450,801,5.34,17.90,0:03:21,201,13.08,0:04:35,275,495,72,328
"2013-08-19 18:16:27",0:24:35,1475.0,0:00:00,0.0,41.7062530,-91.6015106,803,5.35,12.04,0:04:59,299,13.06,0:04:36,276,503,72,330
"2013-08-19 18:16:28",0:24:36,1476.0,0:00:00,0.0,41.7063297,-91.6015383,803,5.36,12.74,0:04:43,283,13.07,0:04:36,276,505,72,330
"2013-08-19 18:16:39",0:24:47,1487.0,0:00:00,0.0,41.7063415,-91.6020337,807,5.38,8.66,0:06:56,416,13.03,0:04:36,276,518,72,333
"2013-08-19 18:16:47",0:24:55,1495.0,0:00:00,0.0,41.7067138,-91.6023719,807,5.41,11.90,0:05:03,303,13.04,0:04:36,276,522,72,336
"2013-08-19 18:16:51",0:24:59,1499.0,0:00:00,0.0,41.7069659,-91.6025015,804,5.43,16.18,0:03:42,222,13.05,0:04:36,276,522,72,337
"2013-08-19 18:16:52",0:25:00,1500.0,0:00:00,0.0,41.7069858,-91.6025904,804,5.44,16.61,0:03:37,217,13.05,0:04:36,276,522,72,337
"2013-08-19 18:17:01",0:25:09,1509.0,0:00:00,0.0,41.7073891,-91.6029427,814,5.47,13.62,0:04:24,264,13.05,0:04:36,276,522,72,340
"2013-08-19 18:17:05",0:25:13,1513.0,0:00:00,0.0,41.7075591,-91.6031083,817,5.49,13.07,0:04:36,276,13.05,0:04:36,276,522,72,342
"2013-08-19 18:17:06",0:25:14,1514.1,0:00:00,0.0,41.7076055,-91.6031156,817,5.49,12.94,0:04:38,278,13.05,0:04:36,276,522,72,342
"2013-08-19 18:17:11",0:25:19,1519.0,0:00:00,0.0,41.7078186,-91.6033966,816,5.51,13.96,0:04:18,258,13.06,0:04:36,276,522,72,344
"2013-08-19 18:17:12",0:25:20,1520.0,0:00:00,0.0,41.7078393,-91.6034784,816,5.51,14.04,0:04:16,256,13.06,0:04:36,276,522,72,344
"2013-08-19 18:17:14",0:25:22,1522.0,0:00:00,0.0,41.7079753,-91.6035649,815,5.52,15.03,0:04:00,240,13.07,0:04:36,276,522,72,344
"2013-08-19 18:17:17",0:25:25,1525.0,0:00:00,0.0,41.7080389,-91.6038485,813,5.54,16.84,0:03:34,214,13.08,0:04:35,275,522,72,345
"2013-08-19 18:17:18",0:25:26,1526.0,0:00:00,0.0,41.7079959,-91.6039275,812,5.54,16.98,0:03:32,212,13.08,0:04:35,275,522,72,345
"2013-08-19 18:17:19",0:25:27,1527.0,0:00:00,0.0,41.7080606,-91.6040038,812,5.55,17.59,0:03:25,205,13.09,0:04:35,275,522,72,345
"2013-08-19 18:17:29",0:25:37,1537.0,0:00:00,0.0,41.7080984,-91.6046188,810,5.58,12.58,0:04:46,286,13.07,0:04:35,275,522,72,347
"2013-08-19 18:17:33",0:25:41,1541.0,0:00:00,0.0,41.7082737,-91.6048300,811,5.60,11.73,0:05:07,307,13.08,0:04:35,275,522,72,348
"2013-08-19 18:17:42",0:25:50,1550.0,0:00:00,0.0,41.7087029,-91.6050264,812,5.63,12.86,0:04:40,280,13.08,0:04:35,275,522,72,350
"2013-08-19 18:17:43",0:25:51,1551.0,0:00:00,0.0,41.7085198,-91.6053159,813,5.65,12.86,0:04:40,280,13.11,0:04:35,275,522,72,350
"2013-08-19 18:17:52",0:26:00,1560.0,0:00:00,0.0,41.7085088,-91.6059399,814,5.68,17.43,0:03:27,207,13.11,0:04:35,275,522,72,353
"2013-08-19 18:17:53",0:26:01,1561.0,0:00:00,0.0,41.7085078,-91.6059988,815,5.68,17.73,0:03:23,203,13.11,0:04:35,275,522,72,353
"2013-08-19 18:17:54",0:26:02,1562.0,0:00:00,0.0,41.7087305,-91.6060747,815,5.70,17.73,0:03:23,203,13.14,0:04:34,274,522,72,354
"2013-08-19 18:17:59",0:26:07,1567.0,0:00:00,0.0,41.7087639,-91.6064717,816,5.72,17.40,0:03:27,207,13.14,0:04:34,274,522,72,356
"2013-08-19 18:18:00",0:26:08,1568.0,0:00:00,0.0,41.7087425,-91.6065641,816,5.73,18.05,0:03:19,199,13.15,0:04:34,274,522,72,356
"2013-08-19 18:18:01",0:26:09,1569.0,0:00:00,0.0,41.7087640,-91.6066291,816,5.73,17.87,0:03:21,201,13.15,0:04:34,274,522,72,356
"2013-08-19 18:18:09",0:26:17,1577.1,0:00:00,0.0,41.7087277,-91.6072528,817,5.76,14.74,0:04:04,244,13.15,0:04:34,274,522,72,359
"2013-08-19 18:18:10",0:26:18,1578.0,0:00:00,0.0,41.7087523,-91.6073146,817,5.77,14.33,0:04:11,251,13.15,0:04:34,274,522,72,359
"2013-08-19 18:18:19",0:26:27,1587.0,0:00:00,0.0,41.7087355,-91.6078862,818,5.80,12.32,0:04:52,292,13.15,0:04:34,274,522,72,362
"2013-08-19 18:18:21",0:26:29,1589.0,0:00:00,0.0,41.7087139,-91.6079204,818,5.80,10.71,0:05:36,336,13.14,0:04:34,274,522,72,362
"2013-08-19 18:18:22",0:26:30,1590.0,0:00:00,0.0,41.7087267,-91.6079417,818,5.80,9.86,0:06:05,365,13.13,0:04:34,274,522,72,363
"2013-08-19 18:18:23",0:26:31,1591.0,0:00:00,0.0,41.7086987,-91.6079725,819,5.80,9.46,0:06:21,381,13.13,0:04:34,274,522,72,363
"2013-08-19 18:18:33",0:26:41,1601.1,0:00:00,0.0,41.7086461,-91.6080075,820,5.81,5.60,0:10:43,643,13.05,0:04:36,276,522,72,364
"2013-08-19 18:18:42",0:26:50,1610.0,0:00:00,0.0,41.7085834,-91.6084521,825,5.83,8.35,0:07:11,431,13.03,0:04:36,276,522,72,366
"2013-08-19 18:18:43",0:26:51,1611.0,0:00:00,0.0,41.7086408,-91.6085649,825,5.84,10.43,0:05:45,345,13.04,0:04:36,276,522,72,366
"2013-08-19 18:18:44",0:26:52,1612.1,0:00:00,0.0,41.7085950,-91.6086338,824,5.84,12.53,0:04:47,287,13.04,0:04:36,276,522,72,366
"2013-08-19 18:18:45",0:26:53,1613.1,0:00:00,0.0,41.7085883,-91.6087013,823,5.84,12.85,0:04:40,280,13.04,0:04:36,276,522,72,366
"2013-08-19 18:18:46",0:26:54,1614.1,0:00:00,0.0,41.7087045,-91.6087673,824,5.85,15.17,0:03:57,237,13.06,0:04:36,276,522,72,366
"2013-08-19 18:18:47",0:26:55,1615.0,0:00:00,0.0,41.7086992,-91.6088491,825,5.86,15.27,0:03:56,236,13.06,0:04:36,276,522,72,367
"2013-08-19 18:18:49",0:26:57,1617.0,0:00:00,0.0,41.7084819,-91.6089739,826,5.87,19.45,0:03:05,185,13.08,0:04:35,275,522,72,367
"2013-08-19 18:18:54",0:27:02,1622.1,0:00:00,0.0,41.7084346,-91.6093900,829,5.90,19.66,0:03:03,183,13.08,0:04:35,275,522,72,369
"2013-08-19 18:18:55",0:27:03,1623.0,0:00:00,0.0,41.7087545,-91.6095246,829,5.92,19.66,0:03:03,183,13.13,0:04:34,274,522,72,369
"2013-08-19 18:18:56",0:27:04,1624.1,0:00:00,0.0,41.7087136,-91.6096357,830,5.93,24.58,0:02:26,146,13.13,0:04:34,274,522,72,370
"2013-08-19 18:18:59",0:27:07,1627.0,0:00:00,0.0,41.7087096,-91.6099097,832,5.94,22.90,0:02:37,157,13.14,0:04:34,274,522,72,371
"2013-08-19 18:19:00",0:27:08,1628.0,0:00:00,0.0,41.7086474,-91.6099812,832,5.95,21.50,0:02:47,167,13.15,0:04:34,274,522,72,371
"2013-08-19 18:19:01",0:27:09,1629.0,0:00:00,0.0,41.7085610,-91.6099595,833,5.95,23.43,0:02:34,154,13.15,0:04:34,274,522,72,372
"2013-08-19 18:19:03",0:27:11,1631.0,0:00:00,0.0,41.7083747,-91.6099869,831,5.96,23.17,0:02:35,155,13.16,0:04:33,273,522,72,372
"2013-08-19 18:19:04",0:27:12,1632.0,0:00:00,0.0,41.7082895,-91.6100338,828,5.97,23.53,0:02:33,153,13.17,0:04:33,273,522,72,372
"2013-08-19 18:19:05",0:27:13,1633.0,0:00:00,0.0,41.7081841,-91.6100366,825,5.98,24.86,0:02:25,145,13.18,0:04:33,273,522,72,372
"2013-08-19 18:19:06",0:27:14,1634.0,0:00:00,0.0,41.7080838,-91.6099974,823,5.98,24.96,0:02:24,144,13.19,0:04:33,273,522,72,372
"2013-08-19 18:19:12",0:27:20,1640.0,0:00:00,0.0,41.7075880,-91.6100836,819,6.02,22.30,0:02:41,161,13.21,0:04:32,272,522,72,372
"2013-08-19 18:19:19",0:27:27,1647.0,0:00:00,0.0,41.7071206,-91.6101513,818,6.05,17.70,0:03:23,203,13.23,0:04:32,272,522,72,375
"2013-08-19 18:19:21",0:27:29,1649.0,0:00:00,0.0,41.7069914,-91.6101380,819,6.06,16.81,0:03:34,214,13.23,0:04:32,272,522,72,375
"2013-08-19 18:19:23",0:27:31,1651.1,0:00:00,0.0,41.7068667,-91.6101907,820,6.07,16.17,0:03:43,223,13.23,0:04:32,272,522,72,376
"2013-08-19 18:19:25",0:27:33,1653.0,0:00:00,0.0,41.7067454,-91.6101802,819,6.08,15.75,0:03:49,229,13.24,0:04:32,272,522,72,376
"2013-08-19 18:19:33",0:27:41,1661.1,0:00:00,0.0,41.7062562,-91.6102066,819,6.11,15.16,0:03:58,238,13.25,0:04:32,272,522,72,378
"2013-08-19 18:19:34",0:27:42,1662.0,0:00:00,0.0,41.7061838,-91.6101760,820,6.12,15.76,0:03:48,228,13.25,0:04:32,272,522,72,379
"2013-08-19 18:19:41",0:27:49,1669.0,0:00:00,0.0,41.7056575,-91.6101975,823,6.15,18.41,0:03:16,196,13.27,0:04:31,271,522,72,382
"2013-08-19 18:19:43",0:27:51,1671.0,0:00:00,0.0,41.7055044,-91.6102020,822,6.16,18.73,0:03:12,192,13.28,0:04:31,271,522,72,382
"2013-08-19 18:19:44",0:27:52,1672.0,0:00:00,0.0,41.7054332,-91.6101109,821,6.17,19.45,0:03:05,185,13.29,0:04:31,271,522,72,383
"2013-08-19 18:19:50",0:27:58,1678.0,0:00:00,0.0,41.7049621,-91.6101319,816,6.20,19.82,0:03:02,182,13.31,0:04:30,270,522,72,383
"2013-08-19 18:19:55",0:28:03,1683.1,0:00:00,0.0,41.7045647,-91.6101490,814,6.23,19.62,0:03:03,183,13.33,0:04:30,270,522,72,383
"2013-08-19 18:20:04",0:28:12,1692.0,0:00:00,0.0,41.7039083,-91.6101884,814,6.28,18.47,0:03:15,195,13.35,0:04:30,270,522,72,386
"2013-08-19 18:20:34",0:28:42,1722.0,0:00:00,0.0,41.7040710,-91.6101778,814,6.29,1.53,0:39:10,2350,13.14,0:04:34,274,522,72,388
"2013-08-19 18:20:47",0:28:55,1735.1,0:00:00,0.0,41.7040642,-91.6099535,814,6.30,0.53,1:53:57,6837,13.07,0:04:35,275,522,72,389
"2013-08-19 18:20:48",0:28:55,1735.4,0:00:01,0.9,41.7040642,-91.6099535,814,6.30,4.53,0:13:14,794,13.07,0:04:35,275,522,72,389
